{
    "seawolf": {
        "background": {
            "x": [
                -3.430742255990587,
                0.3214494447691409
            ],
            "y": [
                56.613162118780096,
                0.3210272873194221
            ]
        },
        "lateral": {
            "x": [
                73.08247422680421,
                0.2835051546391752
            ],
            "y": [
                361.4626834545502,
                0.28427308985688576
            ]
        },
        "head": {
            "x": [
                644.4594594594597,
                0.19305019305019303
            ],
            "y": [
                60.896708286038574,
                0.1929625425652668
            ]
        },
        "separator": {
            "x": [
                646.4187927815806,
                0.15556938394523961
            ],
            "y": [
                455.4850299401198,
                0.15568862275449105
            ]
        }
    },
    "fishbowl": {
        "frontal": {
            "x": [
                10.000000000000005,
                0.12036591237361578
            ],
            "y": [
                99.99999999999993,
                0.13876040703052728
            ]
        },
        "distal": {
            "x": [
                300.0,
                0.12036591237361577
            ],
            "y": [
                99.99999999999993,
                0.13876040703052728
            ]
        },
        "canal": {
            "x": [
                10.000000000000005,
                0.12036591237361578
            ],
            "y": [
                299.9999999999999,
                0.1387604070305273
            ]
        },
        "costa": {
            "x": [
                300.0,
                0.12036591237361577
            ],
            "y": [
                299.9999999999999,
                0.1387604070305273
            ]
        },
        "background": {
            "x": [
                583.860977288369,
                0.2408809359944941
            ],
            "y": [
                87.4741913282864,
                0.24088093599449414
            ]
        }
    },
    "tensors": {
        "system": {
            "x": [
                -123.44352617079888,
                0.3856749311294766
            ],
            "y": [
                -208.07692307692332,
                0.38461538461538486
            ]
        }
    }
}